INSERT INTO users (id, user_name, first_name, last_name, password, email) VALUES (1,'Popo', 'Paul', 'Harrohide', '0000', 'hehe@hehe.fr');
INSERT INTO users (id, user_name, first_name, last_name, password, email) VALUES (2, 'Elmatador', 'Leo', 'Comte', '0000', 'hehe2@hehe.fr');
INSERT INTO users (id, user_name, first_name, last_name, password, email) VALUES (3, 'Zaza92', 'Laura', 'Zablit', '0000', 'hehe3@hehe.fr');

INSERT INTO place (id, id_place_google, name, address, location, images, icon) VALUES (1, 'ChIJldbFmD5u5kcRN_hD8mPd5ZQ', 'Hard Rock Cafe Paris', 'Hard Rock Cafe, Boulevard Montmartre, Paris, France', '(48.8719442, 2.3416045)', 'https://maps.googleapis.com/maps/api/place/js/PhotoService.GetPhoto?1sAWU5eFiduAQ2dq0SGLw4zuRlhobSUuLBEK1afqSOjVT4lbqkZL7tOA_HRKRW1taPeEeRxlhEemrG97JsyZbV4fpDOS4uWZwzwbcCJ1hvXmmTHcDmf3qzD9K7JYpMyHR06aeTSTHtwpP5vSYTQLkKkLZPPsVmOiU8lK2CtbVQDdwHrxCL2vjW&3u500&5m1&2e1&callback=none&key=AIzaSyCkJj6AMvwPFxKKEYm9zDb2zNfGChKh948&token=40284', null);
INSERT INTO place (id, id_place_google, name, address, location, images, icon) VALUES (2, 'ChIJYafZxs5x5kcRiDaXQXadCBY', 'La Coupole', 'La Coupole, Boulevard du Montparnasse, Paris, France', '(48.84225459999999, 2.327950599999999)', 'https://maps.googleapis.com/maps/api/place/js/PhotoService.GetPhoto?1sAWU5eFiBzFSgOzG4AMSCLQyBovsTJjLGvY-BjddiY8660Cqj7Rfv2WOLqeOQX08ZacSU7SJa_nOYCxnFWqmfz02vzW_Uzhrw_fq8clV_9ki1IwAme6CVrWp1W4T8M6ftXFsaLIUjhVnGoGNHUGINbqLGUEYIrkHTSGv0lne0v7lps8ppuFE3&3u500&5m1&2e1&callback=none&key=AIzaSyCkJj6AMvwPFxKKEYm9zDb2zNfGChKh948&token=35552', null);
INSERT INTO place (id, id_place_google, name, address, location, images, icon) VALUES (3, 'ChIJT9bK6hhv5kcR25EFOcUjScQ', 'DISCO BURGERS', 'DISCO BURGERS, Rue de Douai, Paris, France', '(48.8824218, 2.3331871)', 'https://maps.googleapis.com/maps/api/place/js/PhotoService.GetPhoto?1sAWU5eFgFC4M36J8jcYCjFOsNyKDOCNC63jGHQgyE0QCPqYXIotpS8a9PjxM6oiNnPe5_9IqE2njSQuOa3fsPp9rUyqmqXiJT_1OaTyQvFZHGLZcYOUtq5V08RP0W1TesDJgoAP9jkNvLiHXAcbr-07F-DrDMy0a85KVnEbR68oopZ29-TMAR&3u500&5m1&2e1&callback=none&key=AIzaSyCkJj6AMvwPFxKKEYm9zDb2zNfGChKh948&token=34017', null);
INSERT INTO place (id, id_place_google, name, address, location, images, icon) VALUES (4, 'ChIJq537gddx5kcR_3PhRd2muxg', 'Café de Flore', 'Café de Flore, Boulevard Saint-Germain, Paris, France', '(48.8541588, 2.3326046)', 'https://maps.googleapis.com/maps/api/place/js/PhotoService.GetPhoto?1sAWU5eFjGZn0M9fskNBFTGx_ndMsEBwdmg3mvGYcW5aXTVzWSoOiwSRxmE5-q8s6biRT4DW_9yHsp6tMnVSs12VUGeDlJFlU8rbk9Nppzp-rSPMceb5WauwouUYvDGFXFHmTcRV7u1SHO3WKhhst6DIk2xdFywFKltZEW4aOGpaq6Gv__h1nj&3u500&5m1&2e1&callback=none&key=AIzaSyCkJj6AMvwPFxKKEYm9zDb2zNfGChKh948&token=80907', null);
INSERT INTO place (id, id_place_google, name, address, location, images, icon) VALUES (5, 'ChIJswwfM7lv5kcRaH6xqQ0DtGs', 'Shinko', 'Shinko, Rue Vignon, Paris, France', '(48.8716612, 2.3261885)', 'https://maps.googleapis.com/maps/api/place/js/PhotoService.GetPhoto?1sAWU5eFhNe96jrEcmZTvHYa7k_T8NGus0Ij6xS6TYYHt-yEaRHxLNOByHaWuIalxUoQjAgHu6E9YcWOj-eP5abHDXjIGUMnGSpKc5CHN3ylSHnPhbnXXCukRuC-alHzLsvazFmo31KhwHnLRUU5mkDYJHuZi9vfvDmPwXPgIg1FHWF3y1DBs7&3u500&5m1&2e1&callback=none&key=AIzaSyCkJj6AMvwPFxKKEYm9zDb2zNfGChKh948&token=22127', null);
INSERT INTO place (id, id_place_google, name, address, location, images, icon) VALUES (6, 'ChIJNWYQDudv5kcRj-kwX_6y0Sc', 'Monsieur Bleu', 'Monsieur Bleu, Avenue de New York, Paris, France', '(48.8643563, 2.2968759)', 'https://maps.googleapis.com/maps/api/place/js/PhotoService.GetPhoto?1sAWU5eFhVxOpGEUzLz7wKq5XR7QTShGokHe7Ek4bq-eilz8YvDoJO71kuf-CyuFu-iC1mQYJKlkFPeeyD0qyx_8l7umDc9YFzCK9wHkJVoJ27Odf_QKBmP2bRRqSC_kted9z70P3jR7C1RvsMGMZWGBDFXOAaGhYCM9jzhLGw5-sEfbjId7vb&3u500&5m1&2e1&callback=none&key=AIzaSyCkJj6AMvwPFxKKEYm9zDb2zNfGChKh948&token=128626', null);
INSERT INTO place (id, id_place_google, name, address, location, images, icon) VALUES (7, 'ChIJme1o5vVv5kcRzuT1Uxyk-Rc', 'Kodawari Ramen (Tsukiji)', 'Kodawari Ramen (Tsukiji), Rue de Richelieu, Paris, France', '(48.8643421, 2.3362452)', 'https://maps.googleapis.com/maps/api/place/js/PhotoService.GetPhoto?1sAWU5eFgeUNEBYdjCiq6krQH7chgW9AKeiX-dfS5ElTXTKdHG37Otzva3dJzbX7Y40zSzpgZ2PEsyw9sJGoW47adQhx97IhVKmG8phHbTP_Cscm_XfPHwn1jjfhyLdJGHflzmK-7mjT4MJbm7pSG7751O1E7j_wvv-iRtcfbEM50DIPacKRwO&3u500&5m1&2e1&callback=none&key=AIzaSyCkJj6AMvwPFxKKEYm9zDb2zNfGChKh948&token=98575', null);
INSERT INTO place (id, id_place_google, name, address, location, images, icon) VALUES (8, 'ChIJ9wPDGP1t5kcRuU-2tWgnWOQ', 'Ober Mamma', 'Ober Mamma, Boulevard Richard-Lenoir, Paris, France', '(48.86445089999999, 2.3701427)', 'https://maps.googleapis.com/maps/api/place/js/PhotoService.GetPhoto?1sAWU5eFiPhjjCSqYSd5GkDqFHC7VrYi00khWBnZzbtVvL6Wl0CZdhfbIGfl6ZXEJM-2mRNJLR6hrT0D6hXh7A5Gd-lHkW8xXwg3Bd-GtE_BCKfbDdyf9a8Rt5oB3A2KWeB_Z7yklaaMG5UksJ9t7W0AYIgzThkAqqQARYxGdtNnG0671HJfZ5&3u500&5m1&2e1&callback=none&key=AIzaSyCkJj6AMvwPFxKKEYm9zDb2zNfGChKh948&token=13046', null);

INSERT INTO review (id, comment, rate, place_id, date_publication, users_id) VALUES (1, 'Pas mal', 4, 1, '2023-10-15', 2);
INSERT INTO review (id, comment, rate, place_id, date_publication, users_id) VALUES (2, 'Pas trop mal', 3, 1, '2023-10-16', 1);
INSERT INTO review (id, comment, rate, place_id, date_publication, users_id) VALUES (3, 'Très bons sushis, le service laisse à désirer', 3, 5, '2023-11-27', 3);
INSERT INTO review (id, comment, rate, place_id, date_publication, users_id) VALUES (4, null, 4, 8, '2023-11-02', 3);
INSERT INTO review (id, comment, rate, place_id, date_publication, users_id) VALUES (5, 'Meilleure découverte cette année', 5, 3, '2023-11-25', 1);
INSERT INTO review (id, comment, rate, place_id, date_publication, users_id) VALUES (6, null, 3, 4, '2023-11-14', 1);
INSERT INTO review (id, comment, rate, place_id, date_publication, users_id) VALUES (7, 'Surcôté', 2, 6, '2023-11-24', 3);
INSERT INTO review (id, comment, rate, place_id, date_publication, users_id) VALUES (8, 'Plus jamais', 1, 8, '2023-11-24', 2);
INSERT INTO review (id, comment, rate, place_id, date_publication, users_id) VALUES (9, 'Je suis fan', 5, 7, '2023-11-24', 2);
INSERT INTO review (id, comment, rate, place_id, date_publication, users_id) VALUES (10, 'Délicieux', 4, 7, '2023-11-24', 3);

INSERT INTO following_relation(id, follower_id, following_id) VALUES (1,2,1);
INSERT INTO following_relation(id, follower_id, following_id) VALUES (2,2,3);


